	<vehicle name="salooncar" pos="47.8 0.2 8.9" rot="0.0 8.0 0.0" driven="false" sound="small1 0.8" spring="1.0" damping="1.5" topspeed="90" acceleration="6" strength="4" antiroll="0.2" difflock="0.2" steerassist="0.4" friction="1.8">
		<body pos="0.0 0.4 -0.15" rot="0.0 0.0 0.0" dynamic="true">
			<vox pos="0.05 -0.3 0.15" rot="0 180 0" density="1.2" strength="2" file="LEVEL/salooncar.vox" object="body">
				<light pos="0.6 0.65 -2.1" rot="0 180 0" type="area" color="1 .1 .1" size="0.2 0.1" unshadowed="0.3" glare="0.2"/>
				<light pos="0.75 0.65 -2.1" rot="0 180 0" type="area" size="0.1 0.1" unshadowed="0.3"/>
				<light pos="-0.65 0.65 -2.1" rot="0 180 0" type="area" size="0.1 0.1" unshadowed="0.3"/>
				<light pos="-0.5 0.65 -2.1" rot="0 180 0" type="area" color="1 .1 .1" size="0.2 0.1" unshadowed="0.3" glare="0.2"/>
				<light pos="-0.5 0.55 2.1" rot="0.0 0.0 0.0" type="cone" color="1 .9 .8" scale="20" angle="90" penumbra="30" size="0.1" unshadowed="0.2" glare="0.3"/>
				<light pos="0.6 0.55 2.1" rot="0.0 0.0 0.0" type="cone" color="1 .9 .8" scale="20" angle="90" penumbra="30" size="0.1" unshadowed="0.2" glare="0.3"/>
				<location tags="exhaust" pos="0.45 0.15 -2.05" rot="180.0 0.0 180.0"/>
				<location tags="vital" pos="0.05 0.55 1.35" rot="180.0 0.0 180.0"/>
				<location tags="player" pos="0.35 1.15 0.1" rot="0.0 0.0 0.0"/>
			</vox>
			<wheel name="bl" pos="-0.65 -0.1 1.45" drive="1" travel="-0.1 0.1">
				<vox pos="-0.1 -0.3 0.0" rot="0.0 180.0 0.0" file="LEVEL/salooncar.vox" object="wheel_bl"/>
			</wheel>
			<wheel name="br" pos="0.65 -0.1 1.45" drive="1" travel="-0.1 0.1">
				<vox pos="0.1 -0.3 0.0" rot="0.0 -180.0 0.0" file="LEVEL/salooncar.vox" object="wheel_br"/>
			</wheel>
			<wheel name="fl" pos="-0.65 -0.1 -1.15" rot="0.0 0.0 0.0" drive="0" steer="1" travel="-0.1 0.1">
				<vox pos="-0.1 -0.3 0.0" rot="0.0 180.0 0.0" file="LEVEL/salooncar.vox" object="wheel_fl"/>
			</wheel>
			<wheel name="fr" pos="0.65 -0.1 -1.15" drive="0" steer="1" travel="-0.1 0.1">
				<vox pos="0.1 -0.3 0.0" rot="0.0 -180.0 0.0" file="LEVEL/salooncar.vox" object="wheel_fr"/>
			</wheel>
		</body>
	</vehicle>