<vehicle name="sportscar" pos="48.0 0.2 -32.5" rot="0.0 163.0 0.0" driven="false" sound="sportscar" spring="1.2" damping="1.0" topspeed="120" acceleration="12" strength="8" antispin="0" antiroll="0.1" difflock=".1" steerassist="0.3" friction="1.9">
		<body pos="-0.05002 0.35 0.25" rot="0.0 0.0 0.0" dynamic="true">
			<vox pos="0.05 -0.15 -0.25" rot="0 180 0" density="2" strength="2" file="LEVEL/sportscar.vox" object="body">
				<light pos="0.7 0.35 1.9" rot="0.0 0.0 0.0" type="cone" color="1 .9 .8" scale="20" angle="50" penumbra="15" size="0.1" unshadowed="0.2" glare="0.4"/>
				<light pos="-0.6 0.35 1.9" rot="0.0 0.0 0.0" type="cone" color="1 .9 .8" scale="20" angle="50" penumbra="15" size="0.1" unshadowed="0.2" glare="0.4"/>
				<light pos="0.4 0.55 -2.1" rot="0.0 180.0 0.0" type="area" size="0.2 0.1" unshadowed="0.3"/>
				<light pos="-0.3 0.55 -2.1" rot="0.0 180.0 0.0" type="area" size="0.2 0.1" unshadowed="0.3"/>
				<light pos="0.6 0.55 -2.1" rot="0.0 -180.0 0.0" type="area" color="1 .1 .1" size="0.2 0.1" unshadowed="0.2" glare="0.2"/>
				<light pos="-0.5 0.55 -2.1" rot="0.0 -180.0 0.0" type="area" color="1 .1 .1" size="0.2 0.1" unshadowed="0.2" glare="0.2"/>
				<location tags="exhaust" pos="0.5 0.1 -2.1" rot="-180.0 360.0 -180.0"/>
				<location tags="vital" pos="0.05 0.55 -1.4" rot="-180.0 360.0 -180.0"/>
				<location tags="player" pos="0.4 0.75 0.15" rot="0.0 0.0 0.0"/>
			</vox>
			<wheel name="bl" pos="-0.64999 -0.0 1.2" drive="1" travel="-0.1 0.1">
				<vox pos="-0.1 -0.35 -0.05" rot="0.0 -180.0 0.0" file="LEVEL/sportscar.vox" object="wheel_bl"/>
			</wheel>
			<wheel name="br" pos="0.65001 -0.0 1.2" drive="1" travel="-0.1 0.1">
				<vox pos="0.2 -0.35 -0.05" rot="0 180 0" file="LEVEL/sportscar.vox" object="wheel_br"/>
			</wheel>
			<wheel name="fl" pos="-0.64999 -0.0 -1.4" drive="1" steer="0.7" travel="-0.1 0.1">
				<vox pos="-0.1 -0.35 -0.05" rot="0 180 0" file="LEVEL/sportscar.vox" object="wheel_fl"/>
			</wheel>
			<wheel name="fr" pos="0.65001 -0.0 -1.4" drive="1" steer="0.7" travel="-0.1 0.1">
				<vox pos="0.2 -0.35 -0.05" rot="0.0 -180.0 0.0" file="LEVEL/sportscar.vox" object="wheel_fr"/>
			</wheel>
		</body>
	</vehicle>