<vehicle name="suv2" pos="40.7 0.2 -32.0" rot="0.0 0.0 0.0" driven="false" sound="suv2" spring="0.8" damping="0.8" topspeed="60" acceleration="2" strength="5" antispin="0" antiroll="0.2" difflock="0.5" steerassist="0.0">
		<body pos="-0.05 0.6 -0.25" rot="0.0 0.0 0.0" dynamic="true">
			<vox pos="0.05 -0.2 0.25" rot="0 180 0" density="2" strength="3" file="LEVEL/suv2.vox" object="body">
				<light pos="0.75 0.55 -2.1" rot="0.0 180.0 0.0" type="area" size="0.1 0.1" unshadowed="0.3"/>
				<light pos="-0.65 0.55 -2.1" rot="0.0 180.0 0.0" type="area" size="0.1 0.1" unshadowed="0.3"/>
				<light pos="0.05 1.55 -2.1" rot="0.0 -180.0 0.0" type="area" color="1 .1 .1" size="0.3 0.1" unshadowed="0.2" glare="0.2"/>
				<light pos="0.65 0.65 2.1" rot="0.0 0.0 0.0" type="cone" color="1 .9 .8" scale="30" angle="90" penumbra="30" size="0.1" unshadowed="0.2" glare="0.35"/>
				<light pos="-0.55 0.65 2.1" rot="0.0 0.0 0.0" type="cone" color="1 .9 .8" scale="30" angle="90" penumbra="30" size="0.1" unshadowed="0.2" glare="0.35"/>
				<location tags="exhaust" pos="0.5 0.05 -2.1" rot="-180.0 360.0 -180.0"/>
				<location tags="vital" pos="0.05 0.55 1.4" rot="-180.0 360.0 -180.0"/>
				<location tags="player" pos="0.35 1.25 0.25" rot="0.0 0.0 0.0"/>
			</vox>
			<wheel name="bl" pos="-0.65 -0.15 1.4" drive="1" travel="-0.1 0.2">
				<vox pos="-0.1 -0.45 -0.05" rot="0.0 -180.0 0.0" file="LEVEL/suv2.vox" object="wheel_bl"/>
			</wheel>
			<wheel name="br" pos="0.65 -0.15 1.4" drive="1" travel="-0.1 0.2">
				<vox pos="0.1 -0.45 -0.05" rot="0 180 0" file="LEVEL/suv2.vox" object="wheel_br"/>
			</wheel>
			<wheel name="fl" pos="-0.75 -0.15 -1.4" drive="1" steer="1" travel="-0.1 0.2">
				<vox pos="0.0 -0.45 -0.05" rot="0 180 0" file="LEVEL/suv2.vox" object="wheel_fl"/>
			</wheel>
			<wheel name="fr" pos="0.65 -0.15 -1.4" drive="1" steer="1" travel="-0.1 0.2">
				<vox pos="0.1 -0.45 -0.05" rot="0 180 0" file="LEVEL/suv2.vox" object="wheel_fr"/>
			</wheel>
		</body>
	</vehicle>