	<vehicle name="van1_yellow" pos="-2.9 0.2 0.4" rot="0.0 171.0 0.0" driven="false" sound="van" spring="0.5" damping="0.7" topspeed="70" acceleration="4" strength="2" antispin="1" antiroll="0.25" steerassist="0.0">
		<body pos="-0.1 0.8 -0.4" rot="0.0 0.0 0.0" dynamic="true">
			<vox pos="0.05 -0.5 0.2" rot="0.0 180.0 0.0" density="1.2" strength="2" file="LEVEL/van1_yellow.vox" object="body">
				<location tags="exhaust" pos="-0.5 0.1 -2.5" rot="0.0 180.0 0.0"/>
				<light pos="0.95 1.2 -2.5" rot="180.0 0.0 180.0" type="area" color="1 .1 .1" size="0.1 0.2" unshadowed="0.3" glare="0.2"/>
				<light pos="0.95 1.0 -2.5" rot="180.0 0.0 180.0" type="area" size="0.1 0.2" unshadowed="0.3"/>
				<light pos="-0.85 1.2 -2.5" rot="180.0 0.0 180.0" type="area" color="1 .1 .1" size="0.1 0.2" unshadowed="0.3" glare="0.2"/>
				<light pos="-0.85 1.0 -2.5" rot="180.0 0.0 180.0" type="area" size="0.1 0.2" unshadowed="0.3"/>
				<light pos="-0.75 0.95 2.4" rot="0.0 0.0 0.0" type="cone" color="1 .9 .8" scale="20" angle="90" penumbra="30" size="0.1" unshadowed="0.3" glare="0.3"/>
				<light pos="0.85 0.95 2.4" rot="0.0 0.0 0.0" type="cone" color="1 .9 .8" scale="20" angle="90" penumbra="30" size="0.1" unshadowed="0.3" glare="0.3"/>
				<location tags="vital" pos="0.05 0.75 1.9"/>
				<location tags="player" pos="0.5 1.6 0.9" rot="0.0 0.0 0.0"/>
			</vox>
			<wheel name="bl" pos="-0.75 -0.45 1.75" drive="0" travel="-0.1 0.2">
				<vox pos="-0.1 -0.35 -0.05" rot="0.0 180.0 0.0" file="LEVEL/van1_yellow.vox" object="wheel_bl"/>
			</wheel>
			<wheel name="br" pos="0.8 -0.45 1.75" drive="0" travel="-0.1 0.2">
				<vox pos="0.15 -0.35 -0.05" rot="0.0 180.0 0.0" file="LEVEL/van1_yellow.vox" object="wheel_br"/>
			</wheel>
			<wheel name="fl" pos="-0.75 -0.45 -1.65" drive="1" steer="1" travel="-0.1 0.2">
				<vox pos="-0.1 -0.35 -0.05" rot="0.0 180.0 0.0" file="LEVEL/van1_yellow.vox" object="wheel_fl"/>
			</wheel>
			<wheel name="fr" pos="0.75 -0.45 -1.65" drive="1" steer="1" travel="-0.1 0.2">
				<vox pos="0.2 -0.35 -0.05" rot="0.0 -180.0 0.0" file="LEVEL/van1_yellow.vox" object="wheel_fr"/>
			</wheel>
		</body>
	</vehicle>